Payment_No,Payment_Date,Payment_Amount,Contract_No
Pay_0001,2021-05-20,3000,Con_001
Pay_0002,2021-07-20,5000,Con_003
Pay_0003,2021-07-22,5000,Con_001
Pay_0004,2021-08-20,1400,Con_003
Pay_0005,2021-08-20,35000,Con_005
Pay_0006,2021-08-22,6000,Con_001
Pay_0007,2021-09-20,1400,Con_003
Pay_0008,2021-09-20,200000,Con_005
Pay_0009,2021-10-20,1400,Con_003
Pay_0010,2021-10-20,200000,Con_005
Pay_0011,2021-10-23,16500,Con_001
Pay_0012,2021-11-20,1400,Con_003
Pay_0013,2021-11-20,35000,Con_005
Pay_0014,2021-12-20,1400,Con_003
Pay_0015,2021-12-20,30000,Con_005
Pay_0016,2021-12-31,12000,Con_001
Pay_0017,2022-01-20,527000,Con_002
Pay_0018,2022-01-20,1400,Con_003
Pay_0019,2022-01-20,30000,Con_005
Pay_0020,2022-02-20,648000,Con_002
Pay_0021,2022-02-20,1400,Con_003
Pay_0022,2022-02-20,35000,Con_005
Pay_0023,2022-03-20,1400,Con_003
Pay_0024,2022-03-20,35000,Con_005
Pay_0025,2022-03-22,627000,Con_002
Pay_0026,2022-04-20,538000,Con_002
Pay_0027,2022-04-20,1400,Con_003
Pay_0028,2022-04-20,35000,Con_005
Pay_0029,2022-05-20,1400,Con_003
Pay_0030,2022-05-20,35000,Con_005
Pay_0031,2022-05-27,256000,Con_002
Pay_0032,2022-06-20,577000,Con_002
Pay_0033,2022-06-20,1400,Con_003
Pay_0034,2022-06-20,35000,Con_005
Pay_0035,2022-06-21,9000,Con_006
Pay_0036,2022-07-20,1500,Con_003
Pay_0037,2022-07-21,11000,Con_006
Pay_0038,2022-07-22,526000,Con_002
Pay_0039,2022-07-28,1000,Con_005
Pay_0040,2022-08-20,1500,Con_003
Pay_0041,2022-08-20,1000,Con_007
Pay_0042,2022-08-21,128000,Con_002
Pay_0043,2022-08-21,9500,Con_006
Pay_0044,2022-08-26,1200,Con_005
Pay_0045,2022-09-20,482000,Con_002
Pay_0046,2022-09-20,1500,Con_003
Pay_0047,2022-09-21,11000,Con_006
Pay_0048,2022-09-24,6500,Con_005
Pay_0049,2022-10-20,348000,Con_002
Pay_0050,2022-10-20,1500,Con_003
Pay_0051,2022-10-20,1500,Con_007
Pay_0052,2022-10-20,42000,Con_008
Pay_0053,2022-10-21,16000,Con_006
Pay_0054,2022-10-26,3000,Con_005
Pay_0055,2022-11-20,1500,Con_003
Pay_0056,2022-11-20,95000,Con_009
Pay_0057,2022-11-21,17000,Con_006
Pay_0058,2022-11-21,17500,Con_008
Pay_0059,2022-11-23,10000,Con_005
Pay_0060,2022-11-23,62700,Con_009
Pay_0061,2022-11-28,582000,Con_002
Pay_0062,2022-12-20,1500,Con_003
Pay_0063,2022-12-20,45000,Con_004
Pay_0064,2022-12-30,34500,Con_009
Pay_0065,2022-12-31,2200,Con_007
Pay_0066,2023-01-20,1500,Con_003
Pay_0067,2023-01-20,22000,Con_004
Pay_0068,2023-01-20,78000,Con_009
Pay_0069,2023-02-20,1500,Con_003
Pay_0070,2023-02-20,57500,Con_004
Pay_0071,2023-02-26,27000,Con_009
Pay_0072,2023-03-20,3000,Con_003
Pay_0073,2023-03-20,42000,Con_004
Pay_0074,2023-03-20,32000,Con_009
Pay_0075,2023-03-20,136500,Con_010
Pay_0076,2023-04-20,4200,Con_007
Pay_0077,2023-04-23,74000,Con_010
Pay_0078,2023-04-23,53500,Con_011
Pay_0079,2023-04-24,58000,Con_004
